business_date,START_DATE,END_DATE
5/6/2025,5/6/2025,5/7/2025
5/6/2025,5/7/2025,5/8/2025
5/6/2025,5/7/2025,5/9/2025
5/6/2025,5/8/2025,5/9/2025
5/6/2025,5/7/2025,5/13/2025
5/6/2025,5/6/2025,5/16/2025
5/6/2025,5/7/2025,5/20/2025
5/6/2025,5/6/2025,5/21/2025
5/6/2025,5/7/2025,5/21/2025
5/6/2025,5/7/2025,5/27/2025
5/6/2025,5/7/2025,5/28/2025
5/6/2025,5/6/2025,5/30/2025
5/6/2025,5/7/2025,5/30/2025
5/6/2025,5/7/2025,6/2/2025
5/6/2025,5/7/2025,6/6/2025
5/6/2025,5/7/2025,6/13/2025
5/6/2025,5/7/2025,8/15/2025
5/6/2025,5/15/2025,8/15/2025
5/6/2025,8/15/2025,10/15/2025
5/6/2025,10/15/2025,12/15/2025
5/6/2025,12/15/2025,2/17/2026
5/6/2025,2/17/2026,4/17/2026
5/6/2025,4/17/2026,6/17/2026
5/6/2025,6/17/2026,8/17/2026
5/6/2025,8/17/2026,10/19/2026
5/6/2025,10/19/2026,12/21/2026
5/6/2025,12/21/2026,2/22/2027
5/6/2025,2/22/2027,4/22/2027
5/6/2025,4/22/2027,6/22/2027